"Date","Open","High","Low","Close","Volume"
"11/26/2025","210.05","215.5899","207","214.24","43,073,016"
"11/25/2025","201.475","206.58","194.275","206.13","69,773,500"
"11/24/2025","207.16","217.13","205.85","215.05","46,749,560"
"11/21/2025","208.805","208.83","195","203.78","67,421,150"
"11/20/2025","232.7","234.25","204.53","206.02","66,342,870"
"11/19/2025","230.26","235.2799","219.7101","223.55","52,093,450"
"11/18/2025","236.78","238","224.71","230.29","45,619,850"
"11/17/2025","242.745","248.77","237.15","240.52","37,942,210"
"11/14/2025","240.11","253.44","235.08","246.81","47,655,640"
"11/13/2025","251.9","259.6309","246.06","247.96","63,178,590"
"11/12/2025","253.13","263.51","250","258.89","108,942,000"
"11/11/2025","241.655","248.46","234.64","237.52","61,336,770"
"11/10/2025","242.135","248.9","240.5","243.98","43,361,640"
"11/07/2025","230.94","235.87","224.6401","233.54","52,162,580"
"11/06/2025","253.465","253.51","235.74","237.7","66,049,700"
"11/05/2025","243.24","259.65","242.805","256.33","67,366,570"
"11/04/2025","250.35","257.38","247.39","250.05","56,491,830"
"11/03/2025","259.33","260.91","253.89","259.65","36,351,420"
"10/31/2025","259.6","262.13","253.4064","256.12","34,449,210"
"10/30/2025","259.92","263.88","252.31","254.84","45,162,490"
"10/29/2025","264.19","267.0799","257.4044","264.33","49,335,590"
"10/28/2025","259.14","264.58","257","258.01","47,448,670"
"10/27/2025","257.88","260.42","249.8001","259.67","65,613,110"
"10/24/2025","243.36","253.39","241.95","252.92","71,221,140"
"10/23/2025","230.16","235.9","228.54","234.99","39,024,430"
"10/22/2025","236.85","240.1324","224.88","230.23","59,668,780"
"10/21/2025","239.39","242.26","234.02","238.03","47,122,390"
"10/20/2025","236.465","242.88","234.4","240.56","56,741,700"
"10/17/2025","233.26","235.38","227.91","233.08","55,804,200"
"10/16/2025","236.285","241.2","232.24","234.56","69,726,440"
"10/15/2025","222.705","239.24","220.7601","238.6","108,481,000"
"10/14/2025","219.2","224.98","215.9","218.09","71,216,270"
"10/13/2025","220.2","224.1899","214.9","216.42","63,104,020"
"10/10/2025","232.77","234.22","213.2001","214.9","118,656,600"
"10/09/2025","236.3","240.1","229.53","232.89","94,290,740"
"10/08/2025","212.95","235.87","210.695","235.56","159,983,500"
"10/07/2025","214.85","218.9","209.28","211.51","115,748,100"
"10/06/2025","226.445","226.709","203.01","203.71","248,859,600"
"10/03/2025","170.68","170.68","163.14","164.67","42,699,150"
"10/02/2025","168.675","171.06","166.12","169.73","55,475,230"
"10/01/2025","160.93","164.18","160.49","164.01","39,895,180"
"09/30/2025","160.795","162.28","159.33","161.79","29,669,330"
"09/29/2025","160.12","164.3","159.9","161.36","39,828,790"
"09/26/2025","160.52","162.11","157.05","159.46","30,316,930"
"09/25/2025","157.135","161.63","154.7798","161.27","36,809,880"
"09/24/2025","162.98","165.1","158.43","160.88","38,464,120"
"09/23/2025","160.52","163.39","159.21","160.9","39,448,320"
"09/22/2025","157.42","162.68","157.42","159.79","46,505,480"
"09/19/2025","157.38","159.84","155.9","157.39","55,448,080"
"09/18/2025","150.96","158.7699","149.85","157.92","84,549,470"
"09/17/2025","159.28","161.63","155.76","159.16","41,823,840"
"09/16/2025","161.37","161.95","159.22","160.46","27,946,480"
"09/15/2025","160.01","162.3","157.6012","161.16","36,808,730"
"09/12/2025","157","160.41","154.92","158.57","42,232,780"
"09/11/2025","158.62","160.21","154.99","155.67","48,817,720"
"09/10/2025","163.54","164.525","158","159.54","52,465,270"
"09/09/2025","151.99","156.66","151.93","155.82","42,802,470"
"09/08/2025","151.8","152.6388","149.22","151.41","41,849,000"
"09/05/2025","157.12","157.14","150.18","151.14","78,255,950"
"09/04/2025","159.935","162.05","157.79","161.79","32,103,500"
"09/03/2025","161.81","164.75","160.58","162.13","30,752,790"
"09/02/2025","158.42","162.3916","156.62","162.32","38,656,130"
"08/29/2025","166.81","168.57","161.9","162.63","37,516,820"
"08/28/2025","168.5","170.99","166.65","168.58","36,285,190"
"08/27/2025","166.04","167.68","164.65","167.13","37,031,040"
"08/26/2025","168.65","169.77","164.91","166.62","52,138,560"
"08/25/2025","165.55","165.59","161.72","163.36","36,134,680"
"08/22/2025","162.17","168.53","161.8","167.76","43,998,610"
"08/21/2025","165.86","165.8799","162.2558","163.71","37,880,460"
"08/20/2025","164.1","166.65","158.25","165.2","60,233,230"
"08/19/2025","173.1","173.17","166.1","166.55","64,455,010"
"08/18/2025","176.755","178.7953","174.36","176.14","35,937,530"
"08/15/2025","180.06","180.14","176.25","177.51","51,543,140"
"08/14/2025","179.83","185.44","179.56","180.95","66,308,820"
"08/13/2025","179.91","186.65","179.38","184.42","108,305,100"
"08/12/2025","173.32","175.16","168.5","174.95","52,335,750"
"08/11/2025","170.04","178.82","169.38","172.28","70,651,030"
"08/08/2025","174.04","176.48","170.52","172.76","68,866,690"
"08/07/2025","166.835","175.75","166.7","172.4","95,448,310"
"08/06/2025","165.05","166.18","157.8","163.12","133,641,800"
"08/05/2025","177.565","177.99","171.8","174.31","88,808,520"
"08/04/2025","174.605","177.86","173.56","176.78","52,951,040"
"08/01/2025","170.16","174.4","166.82","171.7","75,396,130"
"07/31/2025","182.015","182.5","173","176.31","71,765,290"
"07/30/2025","175.605","180.37","173.8","179.51","64,820,290"
"07/29/2025","175.205","182.31","174.68","177.44","108,154,800"
"07/28/2025","169.08","174.7","168.67","173.66","68,267,840"
"07/25/2025","163.505","167.175","162.36","166.47","53,432,260"
"07/24/2025","159.12","163.93","158.36","162.12","48,440,110"
"07/23/2025","156.315","159.4485","156","158.65","41,510,900"
"07/22/2025","156.2","156.2291","149.34","154.72","49,028,020"
"07/21/2025","157.62","160.34","156.92","157","39,021,130"
"07/18/2025","159.59","160.83","155.81","156.99","48,859,840"
"07/17/2025","161.81","161.96","158.68","160.41","50,605,120"
"07/16/2025","155.31","160.36","152.85","160.08","59,492,760"
"07/15/2025","153.75","158.68","153.56","155.61","93,370,080"
"07/14/2025","145.09","147.58","141.9","146.24","44,718,550"
"07/11/2025","142.6","147.4","141.6","146.42","50,049,180"
"07/10/2025","143","145.82","141.85","144.16","61,101,470"
"07/09/2025","138.69","140.65","137.59","138.41","37,013,130"
"07/08/2025","137.32","139.15","135.91","137.82","36,124,610"
"07/07/2025","136.56","137.44","133.5","134.8","37,395,010"
"07/03/2025","139.11","139.5","137.32","137.91","28,645,990"
"07/02/2025","135.53","139.78","135.22","138.52","39,227,990"
"07/01/2025","138.77","140.23","135.1202","136.11","55,257,240"
"06/30/2025","144","146","141.01","141.9","42,972,470"
"06/27/2025","144.18","147.7504","141.63","143.81","61,937,850"
"06/26/2025","145.97","146","141.91","143.68","58,180,080"
"06/25/2025","140.94","144.18","139.46","143.4","74,607,220"
"06/24/2025","133.43","138.79","132.93","138.43","78,572,000"
"06/23/2025","130.47","133.25","126.82","129.58","65,152,870"
"06/20/2025","129","132.805","127.55","128.24","79,930,980"
"06/18/2025","128.01","129.21","125.77","126.79","49,627,110"
"06/17/2025","127.93","130.7","126.58","127.1","86,623,910"
"06/16/2025","118.635","128.1393","117.78","126.39","100,968,500"
"06/13/2025","116.045","117.883","115.06","116.16","39,702,740"
"06/12/2025","120.615","122.25","118.03","118.5","44,718,370"
"06/11/2025","124.44","124.47","119.88","121.14","32,261,860"
"06/10/2025","121.105","124.09","120.8","123.24","41,691,910"
"06/09/2025","119.18","122.3699","119.04","121.73","55,437,650"
"06/06/2025","117.685","118.38","115.88","116.19","27,042,080"
"06/05/2025","118.95","119.2448","114.71","115.69","34,182,900"
"06/04/2025","117.41","119.295","115.73","118.58","31,024,990"
"06/03/2025","114.5","117.68","113.28","117.31","37,161,480"
"06/02/2025","111.06","114.86","111.01","114.63","34,078,360"
"05/30/2025","111.584","112.11","108.6154","110.73","36,088,470"
"05/29/2025","115.485","115.54","112.13","113.03","30,572,130"
"05/28/2025","114.915","114.948","112.66","112.86","27,483,740"
"05/27/2025","113.175","115.395","112.27","114.56","37,885,020"
"05/23/2025","108.085","111.015","107.6671","110.31","30,867,270"
"05/22/2025","111.9","112.64","110.61","110.71","29,251,960"
"05/21/2025","113.85","116.1","111.09","112.06","43,594,610"
"05/20/2025","114.35","114.51","112.08","113.51","29,030,820"
"05/19/2025","115.015","115.53","114.06","114.74","37,737,370"
"05/16/2025","118.07","118.24","116.01","117.17","43,419,700"
"05/15/2025","117.02","117.5","114.01","114.99","43,843,240"
"05/14/2025","119.83","122.52","116.59","117.72","86,743,700"
"05/13/2025","109.6","113.1277","109","112.46","55,659,510"
"05/12/2025","110.415","110.667","106.98","108.12","50,543,400"
"05/09/2025","102.585","103.54","101.6","102.84","31,704,260"
"05/08/2025","101.92","105.44","101.56","101.7","54,231,360"
"05/07/2025","100.75","103.42","96.88","100.36","86,648,750"
"05/06/2025","98.41","100.07","97.44","98.62","54,264,250"
"05/05/2025","99","102.05","98.76","100.59","41,268,890"
"05/02/2025","98.4","99.88","98.3","98.8","29,957,890"
"05/01/2025","99.265","100.1","96.45","96.65","29,591,510"
"04/30/2025","92.81","97.55","91.87","97.35","29,730,730"
"04/29/2025","95.755","97.1767","95.33","96.06","20,700,640"
"04/28/2025","95.575","97.4865","94.27","96.39","30,456,680"
"04/25/2025","93.275","97.1","92.85","96.645","28,575,340"
"04/24/2025","91.59","94.75","90.37","94.47","33,681,920"
"04/23/2025","91.875","93.74","90.12","90.39","41,102,590"
"04/22/2025","86.12","87.17","85.17","86.26","35,236,740"
"04/21/2025","86.015","86.14","83.75","85.56","33,855,390"
"04/17/2025","88.84","89.03","86.515","87.5","34,801,440"
"04/16/2025","87.61","90.47","85.295","88.29","62,109,020"
"04/15/2025","94.66","96.85","94.62","95.29","28,116,540"
"04/14/2025","97.11","97.3699","93.45","94.5","36,002,970"
"04/11/2025","90.51","94.76","90.5","93.4","57,892,600"
"04/10/2025","91","92.95","85.06","88.7","65,210,570"
"04/09/2025","79.22","97.91","78.87","96.84","97,827,350"
"04/08/2025","86.145","88.93","76.48","78.21","69,910,230"
"04/07/2025","80.68","89","77.75","83.64","70,515,430"
"04/04/2025","90.1","91.08","83.67","85.76","65,847,020"
"04/03/2025","97.79","99.4499","93.64","93.8","50,472,540"
"04/02/2025","101.52","104.185","100.76","102.96","20,793,990"
"04/01/2025","102.16","102.83","100.93","102.78","23,523,230"
"03/31/2025","100.235","102.82","98.8","102.74","30,865,340"
"03/28/2025","105.525","106.51","102.48","103.22","31,069,110"
"03/27/2025","106.11","107.62","105.5499","106.65","32,773,710"
"03/26/2025","114.11","115.8999","108.68","110.19","39,976,490"
"03/25/2025","113.265","114.95","112.71","114.81","29,077,510"
"03/24/2025","109.73","114.85","109.4","113.85","53,342,000"
"03/21/2025","105.33","107.25","104.33","106.44","30,767,940"
"03/20/2025","105.12","108.26","105.12","107.14","26,871,840"
"03/19/2025","104.42","107.9","101.96","106.23","32,287,500"
"03/18/2025","103.85","104.55","102.97","103.51","27,152,830"
"03/17/2025","102.6","106.15","102.6","104.59","43,689,520"
"03/14/2025","99.64","101.22","99.58","100.97","24,715,270"
"03/13/2025","99.715","100.07","97.27","98.11","28,575,150"
"03/12/2025","99.045","101.715","98.17","100.79","34,241,290"
"03/11/2025","96.79","98.1599","94.73","96.76","34,078,300"
"03/10/2025","98.57","101.29","95.83","96.63","38,733,190"
"03/07/2025","98.88","100.65","96.39","100.31","33,254,370"
"03/06/2025","99.05","101.08","98.27","98.85","28,984,980"
"03/05/2025","100.36","101.84","98.87","101.67","27,855,490"
"03/04/2025","96","103.18","95.89","100.75","54,156,940"
"03/03/2025","101.515","102.34","97.09","98.23","38,957,990"
"02/28/2025","99.56","101.8","98.69","99.86","45,194,580"
"02/27/2025","105.08","105.76","99.5","99.51","47,263,730"
"02/26/2025","104.945","105.7999","103.99","104.74","29,178,210"
"02/25/2025","107.885","108.64","103.62","103.96","39,169,160"
"02/24/2025","111.49","111.6","107.98","108.11","29,072,210"
"02/21/2025","114.845","115.76","110.43","110.84","41,353,680"
"02/20/2025","115.01","116.55","113.105","114.17","27,219,570"
"02/19/2025","114.245","116.11","113.14","114.69","28,807,710"
"02/18/2025","114.05","115.55","113.45","114.28","31,720,310"
"02/14/2025","112.65","114.63","111.7","113.1","32,477,160"
"02/13/2025","112","114.6","110.4","111.81","40,911,800"
"02/12/2025","109.52","111.8356","109.0649","111.72","25,319,730"
"02/11/2025","108.98","113.07","108.94","111.1","35,033,760"
"02/10/2025","108.44","111.4","108.15","110.48","34,905,360"
"02/07/2025","109.13","109.92","106.79","107.56","46,082,500"
"02/06/2025","110.93","112.56","109.02","110.16","50,426,590"
"02/05/2025","107.61","112.09","106.5","112.01","110,609,300"
"02/04/2025","115.45","119.85","114.79","119.5","69,412,090"
"02/03/2025","113.875","115.16","112.98","114.27","34,586,050"
"01/31/2025","119.14","119.565","115.33","115.95","40,533,570"
"01/30/2025","118.53","120.44","117.09","118.86","29,788,380"
"01/29/2025","115.77","118.52","114.96","117.35","40,199,050"
"01/28/2025","115.175","116.15","112.95","114.17","40,554,760"
"01/27/2025","117.8","118.08","112.8","115.01","61,067,890"
"01/24/2025","124.55","125.25","122.23","122.84","31,570,300"
"01/23/2025","121.425","123.71","120.63","123.04","24,921,110"
"01/22/2025","123.08","125.65","121.912","123.75","35,023,840"
"01/21/2025","122.39","123.75","121.1201","122.28","31,578,830"
"01/17/2025","120.78","122.74","120.55","121.46","35,765,920"
"01/16/2025","120.24","121.09","118.25","118.44","29,414,130"
"01/15/2025","117.55","120.42","117.46","119.96","38,185,820"
"01/14/2025","118","118.66","114.5","116.09","37,005,280"
"01/13/2025","115.28","117.48","114.41","117.32","39,128,900"
"01/10/2025","118.18","118.71","114.4501","116.04","59,415,610"
"01/08/2025","124.51","125.3","120.1201","121.84","46,723,140"
"01/07/2025","130.51","131.71","126.8537","127.33","39,220,410"
"01/06/2025","129.07","130.73","127.36","129.55","48,020,190"
"01/03/2025","121.65","125.56","121.42","125.37","36,785,300"
"01/02/2025","122.29","123.14","119.44","120.63","34,256,180"
"12/31/2024","123.1","123.55","120.138","120.79","30,203,430"
"12/30/2024","123.562","124.1","122.35","122.44","30,501,640"
"12/27/2024","124.37","126.18","122.26","125.19","32,924,010"
"12/26/2024","125.52","127.2999","125.05","125.06","25,139,140"
"12/24/2024","127.51","127.51","124.66","126.29","24,829,560"
"12/23/2024","120.71","126.3387","120.47","124.6","47,777,900"
"12/20/2024","118","121.86","117.9","119.21","53,591,210"
"12/19/2024","122.16","123.38","118.45","118.88","46,160,670"
"12/18/2024","125.43","127.75","120.43","121.41","49,724,440"
"12/17/2024","124.45","127.08","123.15","125.02","43,314,940"
"12/16/2024","126.01","127.76","123.12","126.69","42,090,280"
"12/13/2024","131.3","131.3","124.77","126.91","67,544,740"
"12/12/2024","130","132.32","129.07","130.6","34,267,090"
"12/11/2024","128.52","131.21","126.2201","130.15","45,588,140"
"12/10/2024","131.56","131.56","127.07","127.74","38,907,200"
"12/09/2024","135.71","135.77","130","130.87","57,055,560"
"12/06/2024","141.48","142.7852","137.4","138.59","33,576,840"
"12/05/2024","143.68","143.95","140.38","141.36","29,576,930"
"12/04/2024","142.96","144.12","141.18","143.99","25,942,650"